,analyst_url
0,https://www.benzinga.com/analyst-stock-ratings/analyst/5f7da386a442ba0001da775d
1,https://www.benzinga.com/analyst-stock-ratings/analyst/5f7da386a442ba0001da775d
2,https://www.benzinga.com/analyst-stock-ratings/analyst/58580535ee7bf60001bcfa18
3,https://www.benzinga.com/analyst-stock-ratings/analyst/5f7da386a442ba0001da775d
4,https://www.benzinga.com/analyst-stock-ratings/analyst/58580535ee7bf60001bcfa18
5,https://www.benzinga.com/analyst-stock-ratings/analyst/58580535ee7bf60001bcfa18
6,https://www.benzinga.com/analyst-stock-ratings/analyst/5f7da386a442ba0001da775d
7,https://www.benzinga.com/analyst-stock-ratings/analyst/58580535ee7bf60001bcfa18
8,https://www.benzinga.com/analyst-stock-ratings/analyst/58580535ee7bf60001bcfa18
9,https://www.benzinga.com/analyst-stock-ratings/analyst/5953a0d4988ca80001627cdb
10,https://www.benzinga.com/analyst-stock-ratings/analyst/5f7da386a442ba0001da775d
11,https://www.benzinga.com/analyst-stock-ratings/analyst/58580535ee7bf60001bcfa18
12,https://www.benzinga.com/analyst-stock-ratings/analyst/58580535ee7bf60001bcfa18
13,https://www.benzinga.com/analyst-stock-ratings/analyst/5953a0d4988ca80001627cdb
14,https://www.benzinga.com/analyst-stock-ratings/analyst/593551a085b07a0001c0bc5a
